time_s,accel_g,stress_mpa,innovation_g
0.0,0.055311429506951726,180.82967144260428,0.055311429506951726
0.01,0.7826387784577404,191.73958167686612,-0.1221882740082791
0.02,0.8786541165165629,193.17981174774843,0.10814087374077358
0.03,-0.19156778008250938,177.12648329876234,0.05712210708234519
0.04,-1.1615846586464884,162.57623012030268,-0.17929740791779963
0.05,-0.3824580841092979,174.26312873836054,0.20532716818317548
0.06,0.40607833739520804,186.0911750609281,-0.07567533670650681
0.07,0.8495366196667965,192.74304929500195,-0.14849010876147503
0.08,0.3835073626632086,185.75261043994814,0.015382809978530651
0.09,-0.6737055565861702,169.89441665120745,0.010841549342517694
0.1,-0.9266704661715489,166.09994300742676,0.024386050123604803
0.11,0.011488736175612302,180.1723310426342,0.1368219697399163
0.12,0.819555000834654,192.2933250125198,-0.024772924667360592
0.13,0.8149498658360337,192.2242479875405,-0.029378059665981494
0.14,-0.15089025583130103,177.7366461625305,-0.025557022266996327
0.15,-0.8850961381869176,166.72355792719623,0.0659603781082358
0.16,-0.4999970339497709,172.50004449075345,0.1845500719789177
0.17,0.3754745767453254,185.63211865117987,0.00735002406064685
0.18,0.7766487188531762,191.64973078279763,-0.22137800957509524
0.19,0.5531777649327284,188.29766647399092,0.07142409083101174
0.2,-0.4942362354010559,172.58645646898415,0.0935490168914166
0.21,-0.9735226635254385,165.39716004711843,0.008764587203250244
0.22,-0.12898103053506985,178.06528454197394,0.1197088566297845
0.23,0.7259163118991923,190.8887446784879,-0.0445969308765977
0.24,0.751883361846643,191.27825042769965,-0.1529436906193773
0.25,0.029900621255206494,180.44850931882812,0.02990062125520539
0.26,-0.8625910821064668,167.06113376840298,0.042235970359552566
0.27,-0.7343229378813274,168.9851559317801,0.036190304894461615
0.28,0.1662838837718958,182.49425825657843,-0.08240600339295988
0.29,0.934164653609981,194.01246980414973,-0.048122597118707276
0.3,0.4387780085484352,186.5816701282265,-0.14900724374403904
0.31,-0.40367977757589835,173.94480333636153,0.07807389652581634
0.32,-1.0037258448511737,164.9441123272324,-0.0056991164229020595
0.33,-0.30446718455532484,175.43299223167014,0.06365736812935245
0.34,0.760583777561721,191.4087566634258,0.07603667163303143
0.35000000000000003,1.06065848734393,195.90987731015895,0.10960197104877695
0.36,0.10972611663329787,181.64589174949947,-0.015607116931010771
0.37,-0.9718727453896834,165.42190881915474,-0.12754481988767027
0.38,-0.6674171686309687,169.98874247053547,0.17691075687104812
0.39,0.15313371353955235,182.29700570309328,0.027800479975250522
0.4,0.5984210538305073,188.9763158074576,-0.3526354624646458
0.41000000000000003,0.48717077425260036,187.307561613789,-0.19737633167608912
0.42,-0.2743262738440566,175.88510589233914,0.09379827884062096
0.43,-1.0165746376062716,164.75138043590593,-0.018547909177999988
0.44,-0.4605109538197403,173.0923356927039,0.02124272028197423
0.45,0.6274030719692464,189.4110460795387,0.03961781967677203
0.46,1.1204919263051445,196.80737889457717,0.13820467557645622
0.47000000000000003,0.1182810730582404,181.77421609587358,-0.13040881410661156
0.48,-0.8133927253438447,167.7991091198423,-0.042879482568057736
0.49,-0.9747622861815657,165.37856570727652,-0.06993523371554487
0.5,0.01997469454700236,180.29962041820502,0.019974694547004564
0.51,0.8803850165812777,193.20577524871916,-0.02444203588474129
0.52,0.7657889672527692,191.48683450879153,-0.004724275523020521
0.53,-0.13842557529680755,177.9236163705479,0.11026431186804707
0.54,-0.9508441850490195,165.7373372242647,0.0314430656796693
0.55,-0.5194394385341692,172.20840842198749,0.06834581375830305
0.56,0.38922392017116353,185.83835880256746,-0.09252975393055331
0.5700000000000001,1.0420012468368396,195.63001870255258,0.04397451840856868
0.58,0.26866147739355617,184.02992216090334,-0.09946307529112547
0.59,-0.8245338216220379,167.63199267566944,-0.1399867156933516
0.6,-0.8587141498719373,167.11928775192095,0.0923423664232171
0.61,-0.17670753171508874,177.34938702427365,-0.05137429815078255
0.62,0.9939971351892463,194.90995702783871,0.14966920968723182
0.63,0.9132044296435472,193.69806644465322,0.06887650414153176
0.64,-0.0752953270780276,178.87057009382957,0.050037906486276665
0.65,-0.6583509684635848,170.12473547304623,0.292705547831569
0.66,-0.6124113802863463,170.8138292957048,0.07213572564234139
0.67,0.4530071242125787,186.7951068631887,0.08488257152789884
0.68,1.0856030451262633,196.28404567689395,0.08757631669799154
0.6900000000000001,0.5172961095298297,187.75944164294742,0.03554243542811737
0.7000000000000001,-0.5087009697212475,172.36948545418127,0.07908428257122893
0.71,-0.8505822664575664,167.2412660031365,0.13170498427112404
0.72,-0.3642942532428849,174.53558620135675,-0.11560436607802149
0.73,0.6780247477054284,190.1703712155814,-0.09248849507035563
0.74,0.9035711117901907,193.55356667685285,-0.001255940675831994
0.75,0.018572257894045444,180.27858386841066,0.018572257894038584
0.76,-1.1184454040586491,163.22331893912028,-0.2136183515926322
0.77,-0.6801409945399841,169.79788508190023,0.09037224823580864
0.78,0.1637680675832919,182.45652101374938,-0.08492181958155817
0.79,0.8146902857865775,192.22035428679865,-0.1675969649421104
0.8,0.49725193013099006,187.45877895196486,-0.09053332216148596
0.81,-0.25145805429733126,176.22812918554,0.2302956198043815
0.8200000000000001,-0.962753753521675,165.55869369717487,0.03527297490659669
0.8300000000000001,-0.37053424375095645,174.44198634373566,-0.0024096910662770683
0.84,0.8276440711838376,192.41466106775758,0.14309696525514956
0.85,0.9909666864510581,194.86450029676587,0.03991017015590449
0.86,0.282542902825363,184.23814354238044,0.15720966926105923
0.87,-0.7578806603626127,168.6317900945608,0.08644726513940301
0.88,-0.7065780252925914,169.40132962061114,0.13774990020942265
0.89,0.19463320898915698,182.91949813483737,0.06929997542485027
0.9,0.9884343150403311,194.82651472560494,0.037377798745176556
0.91,0.5705218653164039,188.55782797974604,-0.11402524061228203
0.92,-0.25884357431722455,176.11734638524163,0.10928097836745759
0.93,-1.0987345193935718,163.51898220909644,-0.10070779096529998
0.9400000000000001,-0.5899821304208029,171.15026804368796,-0.10822845631909275
0.9500000000000001,0.5288538142978862,187.9328072144683,-0.05893143799459208
0.96,1.0781671555509293,196.17250733326392,0.09587990482223932
0.97,0.2553276837511113,183.82991525626667,0.006637796586250345
0.98,-0.8547643921242849,167.17853411813573,-0.08425114934849932
0.99,-0.8741965894897107,166.88705115765435,0.030630462976311026
1.0,0.12472385203808113,181.8708577805712,0.12472385203808554
1.01,0.9362782707781937,194.0441740616729,0.03145121831217578
1.02,0.84600273200876,192.69004098013139,0.07548948923296878
1.03,-0.049804808620033975,179.2529278706995,0.1988850785448185
1.04,-0.7903460221054373,168.14480966841845,0.19194122862325116
1.05,-0.4599811111821705,173.10028333226742,0.12780414111030353
1.06,0.40822682349808226,186.12340235247123,-0.07352685060363266
1.07,0.8855539005775809,193.2833085086637,-0.11247282785069071
1.08,0.39438546187350954,185.91578192810263,0.026260909188832435
1.09,-0.7538563232336268,168.6921551514956,-0.06930921730493698
1.1,-0.9360054532627473,165.9599182010588,0.015051063032405566
1.11,-0.2012273449801701,176.98158982529745,-0.07589411141586874
1.12,0.8008801720172103,192.01320258025817,-0.04344775348480662
1.1300000000000001,0.8460572008538908,192.69085801280835,0.0017292753518780434
1.1400000000000001,-0.18031903247111547,177.29521451293326,-0.05498579890679226
1.1500000000000001,-1.0455451576990007,164.31682263451498,-0.09448864140384114
1.16,-0.5375491670158701,171.93676249476195,0.14699793891282445
1.17,0.40631655569502084,186.09474833542532,0.03819200301034964
1.18,0.9019712290154681,193.52956843523202,-0.09605549941280296
1.19,0.7010128241315567,190.51519236197333,0.2192591500298362
1.2,-0.5454348211555441,171.81847768266684,0.04235043113692468
1.21,-1.006234645490811,164.90648031763783,-0.02394739476212171
1.22,-0.2525731579842145,176.21140263023676,-0.003883270819355881
1.23,0.7490696846108573,191.23604526916287,-0.021443558164929877
1.24,0.8720256537794057,193.0803848066911,-0.03280139868661499
1.25,0.0021080754818843363,180.03162113222825,0.0021080754818823782
1.26,-0.7262146158626744,169.10678076205988,0.17861243660334458
1.27,-0.8842852630444302,166.73572105433354,-0.11377202026864063
1.28,0.3290953796388083,184.93643069458213,0.08040549247395345
1.29,1.0548722911708004,195.823084367562,0.07258504044211145
1.3,0.47230064775733516,187.08450971636003,-0.1154846045351369
1.31,-0.4126511845900652,173.81023223114903,0.06910248951165185
1.32,-0.9034828461908445,166.44775730713735,0.09454388223742682
1.33,-0.34748090558099776,174.78778641628503,0.020643647103677026
1.34,0.7781567195700816,191.67235079355123,0.09360961364138992
1.35,0.8762322099128972,193.14348314869343,-0.07482430638225496
1.36,0.08790058763403917,181.31850881451058,-0.03743264593025973
1.37,-0.8444942649392072,167.3325860259119,-0.00016633943718886497
1.3800000000000001,-0.9110158091286825,166.33476286306978,-0.06668788362667095
1.3900000000000001,0.09290926864883356,181.3936390297325,-0.03242396491547799
1.4000000000000001,0.9751252040146187,194.6268780602193,0.02406868771946254
1.41,0.715271975021375,190.72907962532062,0.030724869092671928
1.42,-0.35591198684533193,174.66132019732,0.012212565839328345
1.43,-0.8225702585101948,167.6614461223471,0.17545646991807565
1.44,-0.42974861986363566,173.55377070204548,0.05200505423809518
1.45,0.5709680024965487,188.56452003744823,-0.016817249795910736
1.46,1.0669301284845925,196.0039519272689,0.08464287775590083
1.47,0.2822141767152054,184.23321265072806,0.033524289550335394
1.48,-0.7409467727421959,168.88579840886706,0.029566470033583744
1.49,-0.814799528364873,167.7780070745269,0.09002752410115271
1.5,0.08589256474030296,181.28838847110453,0.08589256474031669
1.51,0.6561540129118727,189.8423101936781,-0.24867303955414136
1.52,0.7766514585832345,191.6497718787485,0.006138215807437341
1.53,-0.3278291427018001,175.082562859473,-0.07913925553695661
1.54,-0.9649653292728512,165.52552006090724,0.017321921455835408
1.55,-0.5621255136306417,171.56811729554036,0.025659738661839866
1.56,0.418985863562138,186.28478795343207,-0.06276781053956876
1.57,1.042438025293208,195.6365703793981,0.04441129686493576
1.58,0.4291390235891588,186.43708535383738,0.06101447090447307
1.59,-0.6382623198589399,170.4260652021159,0.04628478606974314
1.6,-0.9284644099445093,166.07303385083236,0.0225921063506465
1.61,-0.22449003343473123,176.63264949847903,-0.09915679987042063
1.62,0.8771249254762434,193.15687388214366,0.03279699997423145
1.6300000000000001,0.9091309228983451,193.63696384347517,0.06480299739632736
1.6400000000000001,-0.1434083235490221,177.84887514676467,-0.01807508998472222
1.6500000000000001,-1.0392257007068544,164.4116144893972,-0.08816918441170196
1.6600000000000001,-0.7011729609376168,169.48240558593574,-0.016625855008925855
1.67,0.3558742542636193,185.3381138139543,-0.01225029842105644
1.68,0.9267462327866238,193.90119349179935,-0.07128049564164765
1.69,0.4147298083838549,186.22094712575782,-0.06702386571786129
1.7,-0.488888999447761,172.6666650082836,0.09889625284471185
1.71,-1.0799769046208156,163.80034643068777,-0.09768965389212712
1.72,-0.32222084985474997,175.16668725217875,-0.07353096268989612
1.73,0.7751210214635053,191.6268153219526,0.004607778687714964
1.74,0.8033442496354131,192.05016374453118,-0.10148280283060547
1.75,0.002354080446711008,180.03531120670064,0.002354080446713951
1.76,-0.8031782051661578,167.95232692250764,0.10164884729986323
1.77,-0.7121827627938079,169.3172585580929,0.05833047998197859
1.78,0.013845288600168176,180.20767932900253,-0.2348445985646914
1.79,0.8123802359628668,192.185703539443,-0.16990701476582296
1.8,0.4938314397854595,187.40747159678187,-0.09395381250700852
1.81,-0.3864366968783831,174.20344954682426,0.09531697722333823
1.82,-0.9114967930381255,166.3275481044281,0.0865299353901457
1.83,-0.2343816062484061,176.4842759062739,0.13374294643626417
1.84,0.7555666280841556,191.33349942126233,0.07101952215546048
1.85,0.8503462913266953,192.75519436990044,-0.10071022496845534
1.86,0.00826649984778427,180.12399749771674,-0.11706673371650977
1.87,-0.7766219864729846,168.35067020290523,0.06770593902903628
1.8800000000000001,-0.7597262078340157,168.60410688248976,0.08460171766799313
1.8900000000000001,0.03580685703113007,180.53710285546697,-0.08952637653318635
1.9000000000000001,1.0354479713447515,195.53171957017128,0.08439145504959408
1.9100000000000001,0.7837687036379304,191.75653055456894,0.09922159770925165
1.92,-0.44466557092960834,173.33001643605587,-0.07654101824494353
1.93,-0.7590094592556507,168.61485811116523,0.23901726917261998
1.94,-0.6380407445023651,170.42938883246453,-0.1562870704006387
1.95,0.6751844516338636,190.12776677450793,0.08739919934140043
1.96,0.9219995099905817,193.82999264985872,-0.060287740738109157
1.97,0.20348159529036167,183.05222392935542,-0.0452082918745036
1.98,-0.7622288256339544,168.56656761549067,0.008284417141828353
1.99,-0.8789216928681969,166.81617460697706,0.025905359597826656
2.0,0.02336002010480864,180.35040030157214,0.023360020104817455
2.0100000000000002,0.8508092650721369,192.76213897608207,-0.05401778739389116
2.02,0.8215571555054035,192.32335733258105,0.05104391272960956
2.0300000000000002,-0.25494316479800183,176.17585252803,-0.006253277633126092
2.04,-1.0079651970828356,164.88052204375748,-0.02567794635414807
2.05,-0.746580751701968,168.80128872447045,-0.15879549940946747
2.06,0.34716911016339236,185.2075366524509,-0.13458456393831872
2.07,1.1126163325113576,196.68924498767035,0.11458960408308401
2.08,0.33966896770388294,185.09503451555824,-0.028455584980798268
2.09,-0.730396171435562,169.04405742846654,-0.045849065506896186
2.1,-1.0992570184786175,163.51114472282072,-0.14820050218346334
2.11,0.0050419210975210516,180.07562881646282,0.13037515466185498
2.12,0.8196280582961734,192.2944208744426,-0.024699867205841292
2.13,0.7653042355784894,191.47956353367735,-0.07902368992354103
2.14,-0.16505611479275256,177.52415827810873,-0.0397228812284478
2.15,-1.0534830574180916,164.1977541387286,-0.1024265411229463
2.16,-0.7654373426295844,168.51843986055624,-0.08089023670089716
2.17,0.4604174769388629,186.90626215408295,0.09229292425420904
2.18,0.9689362218723648,194.5340433280855,-0.0290905065559069
2.19,0.43433022755506273,186.51495341332594,-0.04742344654667406
2.2,-0.651393766797392,170.22909349803913,-0.06360851450491523
2.21,-0.9128463488124711,166.30730476781295,0.06944090191622197
2.22,-0.20176206732175056,176.97356899017373,0.04692781984309859
2.23,0.7449011389649978,191.17351708447498,-0.025612103810777526
2.24,0.8140609543188566,192.21091431478285,-0.09076609814715982
2.25,0.05104387468850378,180.76565812032757,0.0510438746884832
2.2600000000000002,-0.8679098926998426,166.98135160950238,0.0369171597661805
2.27,-0.6453949828272443,170.31907525759135,0.1251182599485572
2.2800000000000002,0.16445546539584452,182.46683198093766,-0.08423442176904733
2.29,0.8924807296949162,193.38721094542376,-0.08980652103376904
2.3000000000000003,0.7909998247646284,191.86499737146943,0.20321457247218727
2.31,-0.49520527732493924,172.57192084012593,-0.013451603223238516
2.32,-0.9646888066268822,165.52966790059676,0.03333792180139038
2.33,-0.2890567865570784,175.66414820164383,0.07906776612761374
2.34,0.5526784326074625,188.29017648911193,-0.13186867332121557
2.35,0.9045562234388369,193.56834335158257,-0.04650029285632101
2.36,0.12041879879175528,181.80628198187634,-0.004914434772562105
2.37,-0.7876542470954828,168.18518629356774,0.05667367840652548
2.38,-0.7500680578970358,168.74897913154447,0.09425986760498568
2.39,0.09546585936891654,181.43198789053375,-0.029867374195376536
2.4,0.9169824105455228,193.75473615818282,-0.034074105749627534
2.41,0.6014454666275981,189.02168199941397,-0.08310163930109778
2.42,-0.31658281647295916,175.25125775290562,0.05154173621171018
2.43,-1.0831985608095875,163.75202158785618,-0.08517183238131648
2.44,-0.5787924291026453,171.31811356346032,-0.09703875500092306
2.45,0.4428268462199152,186.64240269329872,-0.1449584060725521
2.46,0.9744465843325721,194.61669876498857,-0.007840666396117841
2.47,0.35937900933243555,185.39068513998654,0.11068912216757504
2.48,-0.5609169248897145,171.5862461266543,0.20959631788607147
2.49,-1.121371519396591,163.17942720905114,-0.2165444669305694
2.5,-0.05559931449295566,179.16601028260567,-0.055599314492951746
2.5100000000000002,0.86803732183774,193.02055982756607,-0.03678973062827814
2.52,0.7644792958795951,191.4671894381939,-0.0060339468961958095
2.5300000000000002,-0.23308266659519,176.50376000107215,0.015607220569662945
2.54,-0.9667840913568605,165.49823862964712,0.015503159371827968
2.5500000000000003,-0.7058081070461146,169.41287839430828,-0.11802285475364101
2.56,0.5462628123354046,188.19394218503106,0.06450913823368931
2.57,1.024494527185629,195.36741790778444,0.026467798757353923
2.58,0.46570075302352804,186.98551129535295,0.0975762003388514
2.59,-0.686434207568562,169.70348688647158,-0.0018871016399132402
2.6,-1.0325134192371477,164.5122987114428,-0.08145690294199492
2.61,-0.00872466601136597,179.86913000982952,0.11660856755299127
2.62,0.9148998684497989,193.723498026747,0.0705719429477816
2.63,1.1091728657588436,196.63759298638266,0.2648449402568311
2.64,-0.10188573145127801,178.47171402823082,0.023447502113031603
2.65,-1.156280094096064,162.65579858855904,-0.20522357780090852
2.66,-0.70122984266081,169.48155236008785,-0.016682736732126287
2.67,0.3228447263753881,184.84267089563085,-0.045279826309296806
2.68,0.7661375541251418,191.49206331187713,-0.23188917430313022
2.69,0.511371065981963,187.67056598972943,0.029617391880255473
2.7,-0.4575342901405133,173.1369856478923,0.13025096215196752
2.71,-1.054747329117023,164.17879006324463,-0.07246007838833617
2.72,-0.1810935521725376,177.28359671741194,0.06759633499230681
2.73,0.8698620875864602,193.0479313137969,0.09934884481066372
2.74,0.9738050871169819,194.60707630675475,0.06897803465096751
2.75,-0.2636392090895726,176.0454118636564,-0.26363920908955985
2.7600000000000002,-0.9565082271345299,165.65237659298205,-0.051681174668504595
2.77,-0.7451547153109385,168.82267927033593,0.025358527464841768
2.7800000000000002,0.25009684140652033,183.7514526210978,0.0014069542416512443
2.79,1.067265908882842,196.00898863324264,0.08497865815415032
2.8000000000000003,0.34362925115045784,185.15443876725686,-0.2441560011420023
2.81,-0.3153662086932715,175.26950686960092,0.16638746540845847
2.82,-1.0912162894481354,163.63175565827797,-0.09318956101986144
2.83,-0.068638880651685,178.97041679022473,0.29948567203297616
2.84,0.78850478890371,191.82757183355565,0.10395768297504915
2.85,0.9318129034782773,193.97719355217416,-0.019243612816870266
2.86,0.17575920794392005,182.6363881191588,0.05042597437957933
2.87,-0.7148351647560449,169.2774725286593,0.12949276074598123
2.88,-0.865843853210909,167.0123422018364,-0.021515927708874897
2.89,0.23274457975843116,183.49116869637646,0.107411346194105
2.9,0.904868025829377,193.57302038744066,-0.04618849046576601
2.91,0.6795609140341412,190.19341371051212,-0.004986191894530446
2.92,-0.33647039442263466,174.95294408366047,0.03165415826201283
2.93,-1.0672504450360938,163.9912433244586,-0.06922371660782066
2.94,-0.5719384354562365,171.42092346815645,-0.09018476135449363
2.95,0.4956620634504426,187.43493095175663,-0.09212318884205163
2.96,0.9771993830010638,194.65799074501595,-0.005087867727630475
2.97,0.34798158360334597,185.2197237540502,0.09929169643851776
2.98,-0.5786852578181804,171.3197211327273,0.19182798495759057
2.99,-0.9057324523165164,166.41401321525225,-0.0009053998505091419
3.0,-0.08909265523152066,178.66361017152718,-0.08909265523149322
3.0100000000000002,1.0240357220064187,195.36053583009627,0.11920866954038636
3.02,0.744163330828798,191.16244996243196,-0.026349911947007865
3.0300000000000002,-0.20666037935581072,176.90009430966285,0.04202950780907451
3.04,-0.9569910674461355,165.64513398830795,0.025296183282548526
3.0500000000000003,-0.6707492008735516,169.93876198689674,-0.08296394858110497
3.06,0.4753651265921492,187.13047689888225,-0.006388547509545529
3.0700000000000003,0.9007882465287411,193.5118236979311,-0.09723848189952838
3.08,0.39036259631880876,185.85543894478215,0.022238043634110277
3.09,-0.571067987100127,171.43398019349812,0.11347911882854606
3.1,-0.8434568734378995,167.3481468984315,0.10759964285726037
3.11,-0.3682938433850812,174.4755923492238,-0.24296060982075698
3.12,0.6133999560591834,189.20099934088776,-0.2309279694428213
3.13,0.9813457905636922,194.72018685845538,0.13701786506166702
3.14,-0.1535788781577268,177.6963168276341,-0.02824564459344053
3.15,-1.1404204018393274,162.8936939724101,-0.1893638855441791
3.16,-0.5957413571975456,171.06387964203682,0.08880574873115538
3.17,0.319315349349498,184.78973024024248,-0.04880920333516499
3.18,0.8985202542348149,193.47780381352223,-0.09950647419345574
3.19,0.532725204469027,187.9908780670354,0.05097153036729888
3.2,-0.4779984463612733,172.8300233045809,0.10978680593118838
3.21,-1.1351863926766654,162.97220410985003,-0.15289914194797422
3.22,-0.3945153694935296,174.08226945759705,-0.1458254823286624
3.23,0.7552426121340218,191.32863918201033,-0.015270630641759736
3.24,0.8719969662613578,193.07995449392035,-0.03283008620466658
3.25,0.041719150419464376,180.62578725629194,0.0417191504194536
3.2600000000000002,-0.9760821129241273,165.3587683061381,-0.07125506045811207
3.27,-0.5514515360992158,171.72822695851178,0.21906170667657943
3.2800000000000002,0.10899407941574785,181.63491119123623,-0.13969580774909843
3.29,0.9722508205231618,194.58376230784745,-0.010036430205525379
3.3000000000000003,0.617548466207939,189.2632269931191,0.02976321391545987
3.31,-0.5472772556215577,171.79084116567662,-0.06552358151984833
3.3200000000000003,-0.9061892922362307,166.40716061645654,0.09183743619204116
3.33,-0.4131586380371696,173.80262042944247,-0.045034085352486576
3.34,0.7167226687852857,190.7508400317793,0.0321755628566005
3.35,0.8607919423416122,192.91187913512417,-0.0902645739535427
3.36,0.18152863947604547,182.72292959214067,0.05619540591173781
3.37,-0.742251063126717,168.86623405309925,0.10207686237529663
3.38,-0.836105013947356,167.45842479078965,0.008222911554660173
3.39,0.052233960193208764,180.78350940289812,-0.07309927337109405
3.4,1.0533612047487408,195.80041807123112,0.10230468845358759
3.41,0.6396646767035562,189.59497015055334,-0.0448824292251325
3.42,-0.6135220768866199,170.79716884670069,-0.2453975242019414
3.43,-1.003336824772783,164.94994762840824,-0.005310096344511221
3.44,-0.37408653275925086,174.38870200861123,0.10766714134246272
3.45,0.539066322265749,188.08599483398623,-0.04871893002672628
3.46,1.0288520792045937,195.4327811880689,0.046564828475905595
3.47,0.03201547231608173,180.48023208474123,-0.2166744148487693
3.48,-0.7555518140342848,168.66672278948573,0.014961428741507316
3.49,-0.9476770324797631,165.78484451280355,-0.04284998001374571
3.5,0.05193266752077328,180.7789900128116,0.051932667520767396
3.5100000000000002,1.0823124827943413,196.2346872419151,0.17748543032831887
3.52,0.901078155814363,193.51617233721547,0.13056491303857842
3.5300000000000002,-0.2286755545649099,176.56986668152635,0.020014332599952535
3.54,-1.0871795509670261,163.6923067354946,-0.10489230023833587
3.5500000000000003,-0.5433030817731145,171.85045377340327,0.04448217051935125
3.56,0.5762955795352318,188.64443369302847,0.09454190543350792
3.5700000000000003,1.046403995426919,195.6960599314038,0.048377266998648166
3.58,0.47251168842195596,187.08767532632936,0.10438713573728842
3.59,-0.9027606838594917,166.45858974210762,-0.21821357793083584
3.6,-1.0005255380895386,164.99211692865694,-0.049469021794388966
3.61,0.04427394688539191,180.66410920328087,0.16960718044973944
3.62,0.9757867947548208,194.6368019213223,0.13145886925279823
3.63,0.7912249425620761,191.86837413843114,-0.05310298293996159
3.64,-0.14729783174157954,177.79053252387632,-0.021964598177260198
3.65,-0.8920991337769671,166.6185129933455,0.05895738251817373
3.66,-0.7721747121641164,168.41737931753826,-0.08762760623543973
3.67,0.3513560544928041,185.27034081739205,-0.016768498191837015
3.68,0.8651606196555446,192.9774092948332,-0.13286610877272811
3.69,0.4285936211342769,186.42890431701414,-0.05316005296747194
3.7,-0.5720015528384224,171.41997670742364,0.015783699454066307
3.71,-1.008383056108587,164.8742541583712,-0.026095805379891382
3.72,0.05129997618051865,180.76949964270776,0.29998986334535355
3.73,0.7862005250330452,191.79300787549568,0.015687282257278636
3.74,0.9582472569203924,194.3737088538059,0.05342020445438213
3.75,0.030587083886544398,180.45880625829815,0.030587083886510102
3.7600000000000002,-0.9833274714721703,165.25008792791746,-0.07850041900614085
3.77,-0.6319032045340396,170.5214519319894,0.1386100382417707
3.7800000000000002,0.1749252638496392,182.6238789577446,-0.07376462331523935
3.79,0.8801313705442809,193.20197055816422,-0.1021558801844018
3.8000000000000003,0.5400795959336636,188.10119393900496,-0.04770565635878852
3.81,-0.3214142933899822,175.17878559915027,0.16033938071170656
3.8200000000000003,-1.182119495998403,162.26820756002397,-0.18409276757013315
3.83,-0.47572981940539233,172.8640527089191,-0.10760526672068743
3.84,0.6602769475240188,189.90415421286028,-0.024270158404649297
3.85,0.8114202805284101,192.17130420792614,-0.13963623576675202
3.86,0.05072479064190316,180.76087185962857,-0.07460844292242783
3.87,-0.8853538246190159,166.71969263071477,-0.04102589911701493
3.88,-0.743749572269641,168.8437564159554,0.10057835323238784
3.89,0.05783757160348711,180.8675635740523,-0.06749566196079236
3.9,0.979562643750663,194.69343965625995,0.028506127455516957
3.91,0.6564786278425956,189.84717941763893,-0.028068478086110366
3.92,-0.3639853510638218,174.54021973404267,0.004139201620834817
3.93,-0.9577008285096795,165.6344875723548,0.040325899918590535
3.94,-0.5589004929421711,171.61649260586745,-0.07714681884043685
3.95,0.674435953819833,190.1165393072975,0.08665070152737692
3.96,1.1741317505990931,197.6119762589864,0.19184449987040053
3.97,0.2231099989711103,183.34664998456665,-0.025579888193763497
3.98,-0.8128196577192224,167.80770513421166,-0.04230641494344528
3.99,-0.8149438593511269,167.7758421097331,0.0898831931149004
4.0,-0.09103995179663363,178.6344007230505,-0.09103995179661599
4.01,0.9942473215764114,194.91370982364614,0.08942026911039913
4.0200000000000005,0.5854017941844942,188.7810269127674,-0.18511144859126913
4.03,-0.3532116972479499,174.70182454128076,-0.10452181008311026
4.04,-0.9984261902991398,165.0236071455129,-0.016138939570453984
4.05,-0.7586482389900764,168.62027641514885,-0.1708629866975917
4.0600000000000005,0.490332682891501,187.3549902433725,0.008579008789747905
4.07,1.0669108572096462,196.0036628581447,0.06888412878137394
4.08,0.18795090557469707,182.81926358362045,-0.18017364710999234
4.09,-0.7790078446096069,168.3148823308559,-0.09446073868092676
4.1,-0.940836257925645,165.88745613111533,0.010220258369529528
4.11,-0.19482596946458086,177.0776104580313,-0.06949273590026638
4.12,0.8199175377317292,192.29876306597595,-0.02441038777028086
4.13,0.8920820107473143,193.38123016120971,0.04775408524529441
4.14,-0.07096162750708257,178.93557558739377,0.05437160605715705
4.15,-0.7949257131890914,168.07611430216363,0.15613080310607735
4.16,-0.5187280432300775,172.21907935154886,0.16581906269861627
4.17,0.45011669724015096,186.75175045860226,0.08199214455547887
4.18,1.0048040492645547,195.0720607389683,0.006777320836287043
4.19,0.3226873585073724,184.8403103776106,-0.1590663155942974
4.2,-0.3468177959171005,174.7977330612435,0.2409674563753692
4.21,-0.9150069478070089,166.27489578289487,0.06728030292168048
4.22,-0.1938729854839283,177.09190521774107,0.05481690168098441
4.23,0.6720983590376977,190.08147538556545,-0.09841488373812632
4.24,0.8124719788691989,192.187079683038,-0.09235507359682141
4.25,-0.10772909027433762,178.38406364588494,-0.1077290902743386
4.26,-0.8278003249886787,167.58299512516982,0.07702672747731648
4.2700000000000005,-0.9369104877081629,165.94634268437756,-0.16639724493241018
4.28,0.2700015646385145,184.05002346957772,0.0213116774736587
4.29,1.2109154059894005,198.163731089841,0.22862815526071156
4.3,0.4920824127902632,187.38123619185393,-0.09570283950225401
4.3100000000000005,-0.5019074158026225,172.4713887629607,-0.02015374170085478
4.32,-0.9144854935182549,166.28271759722617,0.08354123491001643
4.33,-0.31129987855940533,175.33050182160892,0.05682467412526861
4.34,0.7441049793424335,191.1615746901365,0.0595578734137826
4.3500000000000005,0.8307917995312024,192.46187699296803,-0.12026471676393186
4.36,0.182921779651564,182.74382669477347,0.057588546087266074
4.37,-0.7648490925523355,168.52726361171497,0.07947883294968341
4.38,-0.8572595084198384,167.14110737370243,-0.012931582917797016
4.39,0.24442194445002358,183.66632916675033,0.11908871088576745
4.4,0.8085133664247071,192.1277004963706,-0.14254314987044922
4.41,0.635927335457571,189.53891003186357,-0.04861977047111065
4.42,-0.22268910586879473,176.65966341196807,0.14543544681584
4.43,-0.9073457039761872,166.38981444035718,0.09068102445208154
4.44,-0.35416785573416243,174.68748216398757,0.1275858183675426
4.45,0.5263666494861649,187.89549974229246,-0.06141860280631827
4.46,0.869626192367843,193.04439288551765,-0.11266105836085392
4.47,0.23587484771462566,183.53812271571937,-0.012815039450270927
4.48,-0.6895307448069361,169.65703882789597,0.0809824979688622
4.49,-0.8912010494867443,166.63198425769883,0.013626002979268824
4.5,0.14876927658207598,182.23153914873114,0.14876927658211714
4.51,1.003171546085849,195.04757319128774,0.09834449361984679
4.5200000000000005,0.715706937362628,190.7356040604394,-0.054806305413150326
4.53,-0.23302510994962614,176.5046233507556,0.015664777215190714
4.54,-1.0525480455892335,164.21177931616148,-0.07026079486055192
4.55,-0.7420764313821515,168.86885352926774,-0.15429117908964773
4.5600000000000005,0.5261966688706402,187.8929500330596,0.0444429947688579
4.57,1.1357601940149606,197.0364029102244,0.13773346558668684
4.58,0.545283877713094,188.1792581656964,0.1771593250283826
4.59,-0.6245157217800134,170.6322641732998,0.06003138414864977
4.6000000000000005,-0.7983113283810033,168.02533007428494,0.1527451879141259
4.61,-0.25189774539229276,176.22153381911562,-0.12656451182795495
4.62,0.8644003216637173,192.96600482495577,0.02007239616171995
4.63,0.9335502688482012,194.00325403272302,0.08922234334616878
4.64,-0.3017412974414077,175.4738805383789,-0.17640806387713504
4.65,-0.9620720037269471,165.5689199440958,-0.011015487431803153
4.66,-0.710758675445165,169.33861986832252,-0.0262115695164541
4.67,0.37425326321552604,185.6137989482329,0.00612871053087584
4.68,0.9264072240486197,193.8961083607293,-0.07161950437965005
4.69,0.41469741697188256,186.22046125457823,-0.06705625712985767
4.7,-0.3036317154836957,175.44552426774456,0.2841535368087549
4.71,-1.059428829140951,164.10856756288572,-0.07714157841225742
4.72,-0.1845337725960332,177.2319934110595,0.06415611456884722
4.73,0.735830099251359,191.0374514887704,-0.03468314352441384
4.74,0.8868897635259471,193.3033464528892,-0.01793728894008319
4.75,-0.07058867665665029,178.94116985015026,-0.07058867665667479
4.76,-0.8591187271805327,167.113219092292,0.045708325285476664
4.7700000000000005,-0.6366576904631313,170.45013464305302,0.1338555523126728
4.78,0.04602134465644431,180.69032016984664,-0.2026685425083887
4.79,1.003757068094244,195.05635602141365,0.02146981736555946
4.8,0.45302780140015164,186.79541702100227,-0.13475745089233856
4.8100000000000005,-0.5770653725776026,171.34401941133598,-0.0953116984759053
4.82,-0.9348757713135526,165.97686343029673,0.06315095711472014
4.83,-0.3189964654614183,175.21505301807872,0.049128087223277495
4.84,0.5925011475210543,188.88751721281582,-0.09204595840762085
4.8500000000000005,1.0363081173885895,195.54462176082885,0.08525160109343034
4.86,0.31914411493346684,184.787161724002,0.19381088136914554
4.87,-0.7242793643381819,169.1358095349273,0.12004856116382434
4.88,-0.8207767656673409,167.68834851498988,0.023551159834682554
4.89,-0.04456931925854929,179.33146021112177,-0.1699025528228385
4.9,1.0309624949296552,195.46443742394484,0.07990597863450605
4.91,0.665739986604872,189.98609979907306,-0.0188071193238267
4.92,-0.5019935818791833,172.47009627181225,-0.1338690291945176
4.93,-1.0154565500801378,164.76815174879792,-0.017429821651867097
4.94,-0.5577469691205343,171.63379546319197,-0.07599329501880864
4.95,0.7091332406299693,190.63699860944953,0.12134798833750514
4.96,0.8121427191285682,192.18214078692853,-0.1701445316001224
4.97,0.12461280037657571,181.86919200564864,-0.1240770867882886
4.98,-1.0053824642503144,164.9192630362453,-0.23486922147453107
4.99,-0.7996119303236742,168.0058210451449,0.10521512214234892
5.0,0.08460149903329861,181.26902248549948,0.08460149903330644
5.01,0.9895067438536801,194.8426011578052,0.08467969138766362
5.0200000000000005,0.6896202026315801,190.34430303947371,-0.08089304014421325
5.03,-0.37817302179877876,174.3274046730183,-0.12948313463392966
5.04,-0.9465647516951012,165.8015287245735,0.03572249903358652
5.05,-0.673194325788709,169.90208511316936,-0.08540907349623218
5.0600000000000005,0.4738900508827989,187.108350763242,-0.00786362321891303
5.07,0.9734249441429874,194.60137416214482,-0.02460178428528441
5.08,0.5091886746769818,187.63783012015475,0.14106412199230153
5.09,-0.6179996439523889,170.73000534071414,0.06654746197629831
5.1000000000000005,-0.9649581608341626,165.52562758748755,-0.013901644539008651
5.11,-0.1961195147850788,177.05820727822382,-0.07078628122077407
5.12,0.7484981832712735,191.2274727490691,-0.09582974223074173
5.13,1.0107558949664202,195.1613384244963,0.16642796946440544
5.14,-0.3267051289507917,175.0994230657381,-0.20137189538659875
5.15,-0.9373660844988172,165.93950873251774,0.013690431796336975
5.16,-0.7715695153370842,168.42645726994374,-0.08702240940839757
5.17,0.5461926290272834,188.19288943540926,0.17806807634260224
5.18,0.8415282406386708,192.62292360958006,-0.15649848778959388
5.19,0.36527757915350423,185.47916368730256,-0.1164760949482068
5.2,-0.7615523752378892,168.57671437143165,-0.1737671229454116
5.21,-0.987705698585581,165.18441452121627,-0.005418447856893448
5.22,-0.39428230094764527,174.08576548578534,-0.14559241378268695
5.23,0.7437721694752142,191.1565825421282,-0.026741073300579832
5.24,0.9159758421536521,193.73963763230478,0.011148789687636128
5.25,-0.06836595288675898,178.97451070669862,-0.06836595288675015
5.26,-0.8048629003021087,167.92705649546838,0.09996415216391483
5.2700000000000005,-0.7307024177414537,169.0394637338782,0.039810825034329006
5.28,0.18646310893046783,182.79694663395702,-0.06222677823439746
5.29,1.0665830362634408,195.9987455439516,0.08429578553474988
5.3,0.6573369733514479,189.86005460027172,0.06955172105898463
5.3100000000000005,-0.4953856851916986,172.5692147221245,-0.013632011089972092
5.32,-0.788645254694864,168.17032117957706,0.20938147373340665
5.33,-0.21568944277376953,176.76465835839346,0.1524351099108953
5.34,0.7830292817485289,191.74543922622794,0.09848217581982943
5.3500000000000005,0.9611592390491902,194.41738858573785,0.010102722754041485
5.36,0.17016162376540916,182.55242435648114,0.044828390201120956
5.37,-0.8985037724542333,166.5224434131865,-0.05417584695220923
5.38,-0.754642662079725,168.6803600688041,0.08968526342228081
5.39,0.1480997223408131,182.2214958351122,0.022766488776603616
5.4,0.9319864544382039,193.97979681657304,-0.019070061856955423
5.41,0.8282484015406597,192.42372602310988,0.14370129561198525
5.42,-0.34949673935529496,174.75754890967056,0.018627813329401714
5.43,-0.900308198097878,166.4953770285318,0.09771853033038785
5.44,-0.4606314877903102,173.09052768314535,0.021122186311386217
5.45,0.6651947645590796,189.9779214683862,0.07740951226658853
5.46,0.9694447342179348,194.541671013269,-0.012842516510749675
5.47,0.36376620509778357,185.45649307646673,0.1150763179328414
5.48,-0.7566872988234578,168.64969051764814,0.013825943952346813
5.49,-0.8898371986780148,166.65244201982978,0.014989853787994119
5.5,0.01134582081526082,180.1701873122289,0.01134582081523533
5.51,0.9375793361710886,194.06369004256632,0.03275228370510625
5.5200000000000005,0.8596236302807209,192.89435445421083,0.08911038750494867
5.53,-0.27636764704904815,175.8544852942643,-0.027677759884166726
5.54,-0.9969691838283455,165.0454622425748,-0.014681933099651552
5.55,-0.5360270731470648,171.95959390279404,0.05175817914547703
5.5600000000000005,0.4035293968330582,186.05294095249587,-0.07822427726868292
5.57,0.9707062733007964,194.56059409951195,-0.027320455127473275
5.58,0.20038553238302756,183.0057829857454,-0.16773902030162172
5.59,-0.7497316106350694,168.75402584047396,-0.06518450470644063
5.6000000000000005,-0.9826653290869505,165.26002006369572,-0.03160881279180679
5.61,-0.29495252061880806,175.57571219071787,-0.1696192870545364
5.62,0.8574844369153867,192.8622665537308,0.01315651141335366
5.63,0.8596693076539955,192.89503961480992,0.015341382151937758
5.64,-0.0446277710721627,179.33058343391755,0.08070546249206328
5.65,-0.8709467158810509,166.93579926178424,0.0801098004141137
5.66,-0.5989477268566947,171.01578409714958,0.08559937907196757
5.67,0.3576241177421869,185.3643617661328,-0.010500434942419581
5.68,1.1841000323122677,197.761500484684,0.1860733038840009
5.69,0.4782174862722285,187.17326229408343,-0.003536187829453342
5.7,-0.6109372913861264,170.83594062920812,-0.023152039093621863
5.71,-0.9916008191227093,165.12598771315936,-0.009313568394006625
5.72,-0.2842480523188417,175.7362792152174,-0.03555816515391569
5.73,0.7494283009178283,191.2414245137674,-0.0210849418579869
5.74,0.8485144332674485,192.72771649901173,-0.05631261919855333
5.75,0.11246096344999656,181.68691445174994,0.11246096344992502
5.76,-0.888531891009685,166.67202163485473,0.016295161456304406
5.7700000000000005,-0.9941696199929022,165.08745570010646,-0.22365637721714068
5.78,0.3350193666861171,185.02529050029176,0.08632947952121953
5.79,1.1396907591436827,197.09536138715524,0.1574035084150069
5.8,0.5278831651127313,187.91824747669096,-0.05990208717979711
5.8100000000000005,-0.6027279000695663,170.9590814989565,-0.12097422596781059
5.82,-0.9717438755269574,165.42384186709566,0.026282852901311278
5.83,-0.35861379503298796,174.62079307450517,0.00951075765175156
5.84,0.5993968303207361,188.99095245481104,-0.08515027560790482
5.8500000000000005,0.9302504974914331,193.9537574623715,-0.020806018803705348
5.86,0.21229184383528915,183.18437765752932,0.08695861027103398
5.87,-0.9886054584431211,165.17091812335318,-0.1442775329411401
5.88,-1.0562077364108988,164.15688395383654,-0.2118798109088501
5.89,0.023159841690389774,180.34739762535585,-0.10217339187385276
5.9,0.9862202525091116,194.79330378763666,0.03516373621394188
5.91,0.6085449401686922,189.12817410253038,-0.0760021657600408
5.92,-0.573847270866614,171.39229093700078,-0.20572271818199211
5.93,-0.9624837651459336,165.562743522811,0.03554296328233424
5.94,-0.5599541009606709,171.60068848558993,-0.07820042685900364
5.95,0.5989821484200409,188.98473222630062,0.011196896127614904
5.96,1.1206722793374364,196.81008419006153,0.13838502860873694
5.97,0.17243683329956605,182.58655249949348,-0.07625305386534381
5.98,-0.6991819749215853,169.51227037617622,0.07133126785424064
5.99,-1.052507877957284,164.21238183064074,-0.14768082549124092
6.0,-0.19396056709514334,177.09059149357287,-0.19396056709508847
6.01,0.9427744146645948,194.1416162199689,0.03794736219859826
6.0200000000000005,0.6345374810037787,189.5180622150567,-0.1359757617719721
6.03,-0.31499176970945686,175.27512345435815,-0.06630188254465326
6.04,-0.932023569859321,166.01964645211018,0.050263680869357945
6.05,-0.6181337411972746,170.7279938820409,-0.030348488904759736
6.0600000000000005,0.29710431959967637,184.45656479399514,-0.18464935450209397
6.07,1.0013765085254707,195.02064762788206,0.0033497800971961015
6.08,0.25663201329977453,183.84948019949664,-0.1114925393849495
6.09,-0.7775886899812121,168.33616965028182,-0.09304158405255902
6.1000000000000005,-0.7857258075615202,168.2141128865772,0.1653307087336131
6.11,-0.14816206359149264,177.7775690461276,-0.022828830027141225
6.12,0.9058783474314096,193.58817521147114,0.061550421929419646
6.13,0.850131064002584,192.75196596003875,0.005803138500544122
6.140000000000001,-0.08713513470090711,178.6929729794864,0.03819809886346473
6.15,-1.0643000881053732,164.0354986784194,-0.11324357181019842
6.16,-0.8093178632265219,167.8602320516022,-0.12477075729780096
6.17,0.32784477254830574,184.91767158822458,-0.040279780136331725
6.18,0.882322138254115,193.2348320738117,-0.1157045901741539
6.19,0.5085824532418468,187.6287367986277,0.026828779140194173
6.2,-0.8001979403780253,167.9970308943296,-0.2124126880855858
6.21,-0.972225207114821,165.41662189327766,0.010062043613875462
6.22,-0.3441365885041318,174.83795117243804,-0.09544670133923809
6.23,0.5808465280962033,188.71269792144304,-0.18966671467963314
6.24,1.0306657046952998,195.4599855704295,0.1258386522292637
6.25,-0.046906138185323264,179.29640792722017,-0.046906138185361476
6.26,-0.8508199998380519,167.23770000242922,0.05400705262795165
6.2700000000000005,-0.8972088905976434,166.54186664103534,-0.12669564782190307
6.28,0.21499016526348075,183.2248524789522,-0.03369972190133896
6.29,0.8530312187137511,192.79546828070625,-0.129256032014931
6.3,0.47983126953032684,187.19746904295488,-0.10795398276217452
6.3100000000000005,-0.6304828437247215,170.54275734412917,-0.14872916962293659
6.32,-0.9802741162641931,165.2958882560371,0.01775261216408052
6.33,-0.3610617215868657,174.58407417619702,0.00706283109784276
6.34,0.7765563328733622,191.64834499310044,0.0920092269446971
6.3500000000000005,0.9821710219660109,194.73256532949014,0.03111450567088265
6.36,0.04808513890590982,180.72127708358866,-0.07724809465842505
6.37,-0.9049441257498357,166.42583811375246,-0.06061620024783687
6.38,-0.7231028938779983,169.15345659183,0.12122503162403267
6.390000000000001,0.2823177115908627,184.23476567386294,0.1569844780264743
6.4,0.7718035210082358,191.57705281512352,-0.17925299528690905
6.41,0.735343977595331,191.03015966392996,0.05079687166662229
6.42,-0.2834061245063226,175.74890813240515,0.08471842817833038
6.43,-1.0186282107460503,164.72057683880925,-0.020601482317780452
6.44,-0.4571992051751525,173.1420119223727,0.02455446892658513
6.45,0.6808281844803743,190.21242276720562,0.09304293218792131
6.46,0.9341039151584064,194.0115587273761,-0.0481833355702869
6.47,0.24135056294372464,183.62025844415587,-0.007339324221152953
6.48,-0.850283086029002,167.24575370956498,-0.0797698432532275
6.49,-1.036696029751936,164.44955955372095,-0.131868977285907
6.5,-0.09839795112413936,178.5240307331379,-0.09839795112411781
6.51,0.9374369461392934,194.0615541920894,0.032609893673282826
6.5200000000000005,0.8976511847547687,193.46476777132153,0.12713794197896652
6.53,-0.28122625010954866,175.78160624835675,-0.0325363629447128
6.54,-0.8189913016514884,167.71513047522768,0.1632959490771968
6.55,-0.5414856098764516,171.87771585185322,0.0462996424160364
6.5600000000000005,0.5436974060736426,188.15546109110463,0.06194373197194275
6.57,0.8775473223595551,193.16320983539333,-0.1204794060687176
6.58,0.6359252196939669,189.5388782954095,0.2678006670092738
6.59,-0.6722553538445122,169.91616969233232,0.012291752084165067
6.6000000000000005,-0.9772625778436964,165.34106133234457,-0.02620606154853823
6.61,-0.006093243584177635,179.90860134623733,0.11923998998014072
6.62,0.9550546702843405,194.3258200542651,0.11072674478233263
6.63,0.9213255173843719,193.81988276076558,0.07699759188234993
6.640000000000001,-0.12502975006570508,178.12455374901444,0.00030348349858704286
6.65,-0.8832500756824828,166.75124886476274,0.06780644061266722
6.66,-0.6762375288689467,169.85643706696578,0.008309577059749896
6.67,0.48274953583971253,187.2412430375957,0.11462498315504406
6.68,0.8526114654725124,192.78917198208768,-0.14541526295575855
6.69,0.4937706917940544,187.40656037691082,0.012017017692331367
6.7,-0.6692612664693289,169.96108100296004,-0.08147601417686243
6.71,-1.0260438195879378,164.60934270618094,-0.04375656885924767
6.72,-0.3194490361295316,175.20826445805702,-0.07075914896467016
6.73,0.6279231823852173,189.4188477357783,-0.142590060390568
6.74,0.8583597441668627,192.87539616250294,-0.04646730829915921
6.75,-0.004310553090673037,179.9353417036399,-0.004310553090677927
6.76,-0.9313847373668082,166.0292289394979,-0.026557684900790468
6.7700000000000005,-0.7825851987014151,168.26122201947877,-0.012071955925623577
6.78,0.2723383336742321,184.08507500511348,0.02364844650938012
6.79,0.9532332921056638,194.29849938158495,-0.02905395862302452
6.8,0.4221875120361207,186.33281268054182,-0.16559774025635368
6.8100000000000005,-0.5016780198826851,172.47482970175972,-0.019924345780970666
6.82,-1.0992793240426808,163.51081013935976,-0.10125259561440916
6.83,-0.25733158744273843,176.14002618835895,0.11079296524193907
6.84,0.6881523221351221,190.32228483202684,0.003605216206432645
6.8500000000000005,0.9994402378199488,194.99160356729925,0.048383721524795906
6.86,-0.0840871258374486,178.73869311243826,-0.2094203594017504
6.87,-0.7991198700723907,168.01320194891414,0.04520805542962606
6.88,-0.9853769263959676,165.21934610406046,-0.14104900089395453
6.890000000000001,0.24612433956014668,183.6918650934022,0.12079110599583805
6.9,0.8442317915664054,192.66347687349608,-0.10682472472874982
6.91,0.5465442162620836,188.19816324393128,-0.13800288966660093
6.92,-0.3302551145795045,175.04617328130743,0.03786943810517948
6.93,-0.8522759117041858,167.2158613244372,0.14575081672407905
6.94,-0.2818558703989261,175.7721619440161,0.19989780370278235
6.95,0.7887802252795313,191.831703379193,0.20099497298705132
6.96,1.173593352867267,197.60390029300902,0.19130610213858004
6.97,0.2316576986741246,183.47486548011187,-0.017032188490830834
6.98,-0.9087239352505194,166.36914097124222,-0.13821069247472348
6.99,-0.860971372040153,167.0854294193977,0.04385568042586181
7.0,0.04124183417993579,180.61862751269905,0.04124183417992402
7.01,1.064035936327483,195.96053904491225,0.15920888386150664
7.0200000000000005,0.8078966230473701,192.11844934571056,0.03738338027158918
7.03,-0.30592679880429324,175.41109801793561,-0.057236911639425105
7.04,-0.8668850465399269,166.9967243019011,0.11540220418876446
7.05,-0.6270590925498999,170.5941136117515,-0.039273840257347016
7.0600000000000005,0.3600910614667165,185.40136592200074,-0.12166261263501262
7.07,1.128683552080865,196.930253281213,0.13065682365259426
7.08,0.31027249338511287,184.6540874007767,-0.05785205929954919
7.09,-0.6407990645845068,170.3880140312324,0.043748041344112004
7.1000000000000005,-0.8729059136384056,166.90641129542394,0.07815060265674217
7.11,-0.017616749191303002,179.73574876213047,0.1077164843729823
7.12,0.7353675486432436,191.03051322964865,-0.10896037685878207
7.13,0.8566821160413659,192.8502317406205,0.012354190539300853
7.140000000000001,-0.07197915369096358,178.92031269463553,0.0533540798733616
7.15,-0.935623247518435,165.9656512872235,0.0154332687767254
7.16,-0.5497655128354025,171.75351730746894,0.13478159309326973
7.17,0.22005776564947416,183.3008664847421,-0.14806678703511955
7.18,1.0798905153550475,196.1983577303257,0.08186378692678162
7.19,0.49388167468639277,187.4082251202959,0.012128000584698944
7.2,-0.5348155708508252,171.97776643723762,0.05296968144166822
7.21,-1.0301680046127948,164.54747993080807,-0.0478807538840897
7.22,-0.31047346824196764,175.3428979763705,-0.061783581077028304
7.23,0.6372538058961504,189.55880708844228,-0.133259436879656
7.24,0.9027979913202164,193.54196986980324,-0.0020290611457912866
7.25,0.08528864676976973,181.27932970154654,0.08528864676968448
7.26,-0.9963065174002813,165.05540223899578,-0.09147946493429782
7.2700000000000005,-0.7416399892836693,168.87540016074496,0.028873253492100966
7.28,0.18317868942398147,182.74768034135974,-0.06551119774090282
7.29,0.9153499163936533,193.73024874590482,-0.0669373343350199
7.3,0.5829660028252514,188.74449004237877,-0.0048192494672880835
7.3100000000000005,-0.6020453033570056,170.96932044964493,-0.12029162925526185
7.32,-0.9335319358658568,165.99702096201213,0.06449479256241264
7.33,-0.6153628910505536,170.7695566342417,-0.24723833836580142
7.34,0.6767840912837241,190.15176136925587,-0.007763014644906827
7.3500000000000005,0.7752297227254175,191.62844584088126,-0.17582679356972525
7.36,0.09172022500072247,181.37580337501086,-0.033613008563546286
7.37,-0.956341939980168,165.65487090029748,-0.11201401447819435
7.38,-0.7707067060507415,168.4393994092389,0.07362121945131461
7.390000000000001,0.2397372313302636,183.59605846995396,0.1144039977659219
7.4,1.0400377288444624,195.60056593266694,0.08898121254929703
7.41,0.7517184518111898,191.27577677716786,0.0671713458825296
7.42,-0.4708861271384759,172.93670809292286,-0.10276157445386663
7.43,-0.9949945275093487,165.07508208735976,0.003032200918918282
7.44,-0.45532469401422243,173.17012958978665,0.026428980087456817
7.45,0.5786889703211787,188.68033455481768,-0.009096281971328215
7.46,1.0343973818467027,195.51596072770053,0.05211013111800068
7.47,0.13439525361925903,182.0159288042889,-0.11429463354566412
7.48,-0.7519395790543772,168.72090631418433,0.018573663721439825
7.49,-0.7656065117831373,168.51590232325296,0.13922054068286324
7.5,-0.15158128458087178,177.72628073128692,-0.1515812845808032
7.51,0.9583749738550646,194.37562460782596,0.05354792138907405
7.5200000000000005,0.9355791382849322,194.03368707427398,0.16506589550917258
7.53,-0.202639193267184,176.96041210099224,0.046050693897716405
7.54,-0.961583597085133,165.57624604372302,0.02070365364354336
7.55,-0.6803739550559389,169.79439067416092,-0.09258870276341308
7.5600000000000005,0.6387302594958899,189.58095389243834,0.15697658539413162
7.57,0.8650498796713104,192.97574819506968,-0.13297684875695806
7.58,0.3475544580334006,185.21331687050102,-0.020570094651336124
7.59,-0.7798266382616956,168.30260042607458,-0.09527953233305249
7.6000000000000005,-1.0381796398946463,164.4273054015803,-0.0871231235995087
7.61,-0.09362777461681354,178.5955833807478,0.031705458947438696
7.62,0.8222224773605536,192.33333716040832,-0.022105448141429035
7.63,0.8204585889131717,192.3068788336976,-0.023869336588875512
7.640000000000001,-0.19799024963964007,177.03014625540538,-0.07265701607528184
7.65,-0.9918958982646741,165.1215615260299,-0.04083938196950346
7.66,-0.6071119338739605,170.8933209918906,0.07743517205477048
7.67,0.3161334806720144,184.74200221008022,-0.05199107201261031
7.68,1.056241492190892,195.84362238286337,0.058214763762624105
7.69,0.565491846383068,188.48237769574604,0.08373817228140346
7.7,-0.6231926946066667,170.6521095809,-0.03540744231423834
7.71,-0.9554645001237367,165.66803249814393,0.026822750604962232
7.72,-0.3304227240778265,175.0436591388326,-0.0817328369129195
7.73,0.9349227311928257,194.02384096789237,0.16440948841699793
7.74,0.847045734553477,192.70568601830215,-0.05778131791256489
7.75,-0.09920585344012058,178.5119121983982,-0.0992058534401725
7.76,-0.7492124964349367,168.76181255347595,0.155614556031061
7.7700000000000005,-0.7534055618262178,168.69891657260675,0.017107680949531256
7.78,0.1756769321583549,182.63515398237533,-0.07301295500645151
7.79,1.0953624160540099,196.43043624081017,0.11307516532533042
7.8,0.7079351064059287,190.61902659608896,0.12014985411341626
7.8100000000000005,-0.4962791347578918,172.55581297863162,-0.014525460656118925
7.82,-0.8960138546914554,166.55979217962818,0.10201287373681911
7.83,-0.3371768963699421,174.94234655445086,0.03094765631477919
7.84,0.5762462233146897,188.64369334972037,-0.10830088261396556
7.8500000000000005,1.0519101556722261,195.7786523350834,0.1008536393770938
7.86,0.2198210004953855,183.2973150074308,0.09448776693103698
7.87,-0.8083215032640689,167.87517745103895,0.036006422237922636
7.88,-0.875173177068391,166.87240234397413,-0.030845251566352785
7.890000000000001,0.2758477190602956,184.13771578590445,0.15051448549592084
7.9,0.7898226738521241,191.84734010778186,-0.16123384244301656
7.91,0.6399171652561968,189.59875747884294,-0.044629940672521906
7.92,-0.31307713352995875,175.30384299705062,0.055047419154681455
7.930000000000001,-1.0844108597349476,163.73383710397576,-0.08638413130667136
7.94,-0.5056223398620011,172.41566490206998,-0.023868665760251418
7.95,0.6528049228669189,189.79207384300378,0.06501967057447704
7.96,0.9659754273191334,194.489631409787,-0.016311823409562342
7.97,0.19877291728992275,182.98159375934884,-0.04991696987496813
7.98,-0.8320939082195292,167.51859137670706,-0.06158066544376328
7.99,-0.8785848460906885,166.82122730863966,0.02624220637534625
8.0,-0.03455470053274395,179.48167949200882,-0.034554700532708676
8.01,1.0220743560157886,195.33111534023683,0.11724730354978374
8.02,0.7868438037059634,191.80265705558944,0.016330560930152546
8.03,-0.2522428732515743,176.21635690122636,-0.0035529860868618746
8.040000000000001,-0.9205691343249571,166.19146298512564,0.06171811640374675
8.05,-0.6347845867147819,170.47823119927827,-0.04699933442237487
8.06,0.5615940468443824,188.42391070266575,0.07984037274269457
8.07,1.0550794406718635,195.82619161007796,0.057052712243590126
8.08,0.43303816592044,186.4955724888066,0.06491361323573418
8.09,-0.4967626013882478,172.54856097917627,0.1877845045404195
8.1,-0.8987098567761566,166.51935214835765,0.05234665951900585
8.11,-0.10596669053842757,178.41049964192356,0.019366543026017192
8.120000000000001,0.8336360533760515,192.50454080064077,-0.010691872126009914
8.13,0.7549510993647122,191.32426649047068,-0.08937682613725634
8.14,-0.0991657835717404,178.5125132464239,0.026167449992538106
8.15,-0.8882469755005118,166.67629536749232,0.06280954079463401
8.16,-0.5826097728971535,171.26085340654268,0.101937333031553
8.17,0.4383915432308872,186.5758731484633,0.07026699054623149
8.18,0.6777112467995615,190.16566870199344,-0.3203154816287086
8.19,0.35536087246807413,185.3304130870211,-0.12639280163376063
8.2,-0.8664576499259091,167.00313525111136,-0.2786723976335457
8.21,-1.0423315725268036,164.36502641209793,-0.060044321798132266
8.22,-0.24068924352646293,176.38966134710307,0.008000643638411818
8.23,0.7512855989239154,191.26928398385874,-0.019227643851861095
8.24,0.8172609401769024,192.25891410265353,-0.08756611228912523
8.25,0.2649848443184416,183.97477266477662,0.264984844318423
8.26,-0.8962433943116972,166.55634908532457,0.00858365815431469
8.27,-0.8628378606145896,167.05743209078116,-0.09232461783871682
8.28,0.25906621474378244,183.88599322115675,0.010376327579053836
8.290000000000001,0.9964137070694044,194.94620560604108,0.014126456340697272
8.3,0.5115303205656301,187.67295480848446,-0.07625493172676351
8.31,-0.6469597303327147,170.2956040450093,-0.16520605623101223
8.32,-0.8206503307195122,167.6902450392073,0.1773763977087602
8.33,-0.42696203072368905,173.59556953914466,-0.05883747803899874
8.34,0.7531378654941052,191.29706798241156,0.06859075956542565
8.35,0.9957303342225803,194.9359550133387,0.04467381792738789
8.36,0.2260101813657168,183.39015272048576,0.10067694780128858
8.370000000000001,-0.698109014342549,169.52836478486176,0.1462189111595214
8.38,-0.8221694421064147,167.6674583684038,0.022158483395544708
8.39,0.13367654039829352,182.0051481059744,0.00834330683399849
8.4,0.9073983366561442,193.61097504984218,-0.043658179639006686
8.41,0.5687683722106516,188.53152558315978,-0.11577873371804298
8.42,-0.4489729045733273,173.2654064314001,-0.08084835188865609
8.43,-0.819950815411945,167.70073776882083,0.178075913016319
8.44,-0.47061070960789375,172.9408393558816,0.011142964493926377
8.45,0.4633552813437028,186.95032922015554,-0.12442997094867408
8.46,0.8773962106659123,193.16094315998868,-0.10489104006275592
8.47,0.18901930279158496,182.83528954187378,-0.05967058437327362
8.48,-1.0283100014998752,164.57534997750187,-0.25779675872408797
8.49,-0.9735166306752218,165.39725053987166,-0.06868957820920109
8.5,-0.04119597791092502,179.3820603313361,-0.04119597791092307
8.51,0.9087604774024783,193.63140716103717,0.00393342493650767
8.52,0.9353975466609421,194.03096319991414,0.16488430388508007
8.53,-0.19297752364015458,177.1053371453977,0.055712363524590136
8.540000000000001,-0.9791722478767458,165.3124162818488,0.003115002851964293
8.55,-0.6570897334568732,170.1436539981469,-0.0693044811644011
8.56,0.42113780494297887,186.3170670741447,-0.06061586915873825
8.57,1.1142607913659195,196.7139118704888,0.11623406293764825
8.58,0.45941030327019194,186.89115454905289,0.09128575058551716
8.59,-0.8282466692958321,167.57629996056252,-0.1436995633672233
8.6,-0.9008935490868135,166.4865967636978,0.050162967208373765
8.61,-0.40944070362529605,173.85838944562056,-0.2841074700608844
8.620000000000001,0.7576704980509629,191.36505747076447,-0.08665742745111635
8.63,0.7994167449223284,191.9912511738349,-0.044911180579683185
8.64,-0.19151581056472558,177.12726284152913,-0.06618257700041402
8.65,-0.9560297215523194,165.6595541767152,-0.00497320525716331
8.66,-0.5678971883796792,171.48154217430482,0.11664991754900311
8.67,0.47613246055729697,187.14198690835946,0.10800790787261028
8.68,1.0310705746163857,195.46605861924579,0.0330438461881208
8.69,0.5137030421139135,187.7055456317087,0.03194936801210801
8.700000000000001,-0.6210442159991012,170.68433676001348,-0.033258963706526874
8.71,-0.906297161850879,166.4055425722368,0.07599008887780734
8.72,-0.32386279449468125,175.14205808257978,-0.07517290732983876
8.73,0.7072985185601652,190.60947777840246,-0.0632147242156326
8.74,1.0197168706969075,195.29575306045362,0.1148898182308939
8.75,0.01696684936816302,180.25450274052244,0.016966849368177734
8.76,-0.7504252434193355,168.74362134870998,0.15440180904664225
8.77,-0.7655924753133445,168.51611287029985,0.004920767462506966
8.78,0.06424308640838397,180.96364629612577,-0.1844468007563769
8.790000000000001,1.0624552685487783,195.93682902823167,0.08016801782008635
8.8,0.4365810664846732,186.5487159972701,-0.1512041858077853
8.81,-0.42065353225393287,173.690197016191,0.06110014184779884
8.82,-0.8858539619682113,166.71219057047682,0.11217276646005901
8.83,-0.38072311387923063,174.28915329181152,-0.012598561194571287
8.84,0.6840286766763922,190.26043015014588,-0.0005184292522286597
8.85,0.9061494385914628,193.59224157887195,-0.04490707770371932
8.86,0.25831326849223396,183.8746990273835,0.1329800349278388
8.870000000000001,-0.9874129183173731,165.1888062252394,-0.1430849928153458
8.88,-1.0561623686010144,164.1575644709848,-0.2118344430990119
8.89,0.11541658891746542,181.73124883376198,-0.00991664464686267
8.9,1.1366515508889665,197.04977326333452,0.18559503459380522
8.91,0.6224901918414559,189.33735287762184,-0.06205691408721428
8.92,-0.437739647097245,173.4339052935413,-0.06961509441264849
8.93,-1.0819896567890668,163.770155148164,-0.08396292836080056
8.94,-0.5132220231304686,172.30166965304298,-0.03146834902867765
8.950000000000001,0.5301673916224011,187.952510874336,-0.057617860670094695
8.96,0.9456647640214888,194.18497146032232,-0.0366224867071945
8.97,0.2817591909906045,184.22638786485908,0.03306930382577813
8.98,-0.6944154572021188,169.58376814196822,0.07609778557368957
8.99,-0.9958440970444055,165.0623385443339,-0.09101704457839901
9.0,-0.0922907645979215,178.61563853103118,-0.09229076459783919
9.01,0.8081903597457967,192.12285539618694,-0.09663669272018799
9.02,0.8108860680055726,192.16329102008356,0.04037282522973178
9.03,-0.15157702978976148,177.72634455315358,0.09711285737501552
9.040000000000001,-1.0736508362731594,163.89523745590262,-0.09136358554446422
9.05,-0.5977771431818056,171.03334285227294,-0.009991890889360585
9.06,0.4468900525376815,186.70335078806522,-0.03486362156396516
9.07,0.8986855733235801,193.4802835998537,-0.09934115510469628
9.08,0.45436893918647797,186.81553408779718,0.08624438650172844
9.09,-0.6270892105920507,170.59366184111923,0.057457895336582354
9.1,-0.911763749967606,166.3235437504859,0.0392927663275709
9.11,-0.1042382016419966,178.43642697537004,0.02109503192238204
9.120000000000001,0.7639953037611471,191.4599295564172,-0.08033262174095004
9.13,0.8937728625033222,193.40659293754982,0.049444937001389515
9.14,-0.10611221347124866,178.4083167979313,0.019221020092983186
9.15,-0.9273760867396739,166.0893586989049,0.023680429555457363
9.16,-0.7049331518134392,169.42600272279842,-0.02038604588469828
9.17,0.1474918100410504,182.21237715061577,-0.22063274264356159
9.18,0.9059920881681035,193.58988132252156,-0.09203464026016357
9.19,0.43707636303968456,186.55614544559526,-0.04467731106209179
9.200000000000001,-0.5485203036948412,171.7721954445774,0.03926494859776005
9.21,-0.9788237832841211,165.31764325073817,0.0034634674445377304
9.22,-0.31418605622726714,175.287209156591,-0.06549616906234684
9.23,0.847263488005339,192.70895232008007,0.07675024522959253
9.24,0.8592172622096113,192.8882589331442,-0.04560979025643658
9.25,0.0761832152463382,181.14274822869507,0.07618321524627254
9.26,-0.7150630784470807,169.27405382329377,0.1897639740189111
9.27,-0.8261870978143417,167.6071935327849,-0.05567385503851148
9.28,0.4549141229756536,186.8237118446348,0.20622423581086047
9.290000000000001,1.0892377966424727,196.33856694963708,0.1069505459137533
9.3,0.5095391212314284,187.64308681847143,-0.07824613106109508
9.31,-0.3695872540822258,174.4561911887666,0.11216642001943547
9.32,-0.9383592552277092,165.92461117158436,0.059667473200566215
9.33,-0.5069961413881914,172.39505787917713,-0.13887158870345737
9.34,0.6547208636333391,189.82081295450007,-0.029826242295306057
9.35,0.872436162590438,193.08654243885658,-0.07862035370473391
9.36,0.08931333548112497,181.33970003221688,-0.03601989808323713
9.370000000000001,-0.8582835539892542,167.1257466901612,-0.013955628487148174
9.38,-0.7567284713642468,168.6490729295363,0.08759945413779875
9.39,0.09312143105970988,181.39682146589564,-0.03221180250453847
9.4,0.843436049448258,192.65154074172386,-0.10762046684687826
9.41,0.5928557274211145,188.89283591131672,-0.09169137850761432
9.42,-0.41055990522378455,173.84160142164322,-0.042435352539157076
9.43,-1.0217808148036525,164.67328777794523,-0.023754086375384162
9.44,-0.4058825901392425,173.91176114791136,0.07587108396251922
9.450000000000001,0.5865505875090189,188.79825881263528,-0.0012346647835959328
9.46,1.1024825493390702,196.53723824008605,0.12019529861037173
9.47,0.18662003506258157,182.79930052593872,-0.062069852102322604
9.48,-0.5464406858767312,171.80338971184904,0.2240725568990259
9.49,-0.944423329044054,165.8336500643392,-0.03959627657801334
9.5,0.0019864275579564135,180.02979641336935,0.0019864275580054017
9.51,0.978587351427655,194.67881027141482,0.07376029896165602
9.52,0.6848834993171532,190.2732524897573,-0.08562974345866635
9.53,-0.308527979812465,175.37208030281303,-0.05983809264765571
9.540000000000001,-1.0857231270272358,163.71415309459147,-0.10343587629855598
9.55,-0.6898893359084571,169.65165996137316,-0.10210408361594701
9.56,0.4066410037375878,186.09961505606384,-0.07511267036408803
9.57,1.2011070936675223,198.01660640501285,0.20308036523924794
9.58,0.44877835918034104,186.7316753877051,0.08065380649562245
9.59,-0.6901824222872659,169.647263665691,-0.0056353163586085955
9.6,-0.9226691002752394,166.15996349587144,0.028387416019927187
9.61,-0.11693424978569872,178.2459862532145,0.008398983778646866
9.620000000000001,0.9716777047915537,194.5751655718733,0.12734977928956054
9.63,0.8423280817263571,192.63492122589534,-0.0019998437756795864
9.64,0.002696335083393786,180.0404450262509,0.1280295686476587
9.65,-0.8082847416259571,167.87572887561066,0.14277177466918442
9.66,-0.7061580435516415,169.40762934672537,-0.021610937622924847
9.67,0.30681693699781637,184.60225405496726,-0.06130761568682659
9.68,0.9171885809513695,193.75782871427054,-0.08083814747689981
9.69,0.4929268104866293,187.39390215729944,0.01117313638488214
9.700000000000001,-0.6116916293007475,170.82462556048878,-0.02390637700830324
9.71,-0.9328366811231155,166.00744978315328,0.0494505696055798
9.72,-0.3967459888820857,174.04881016676873,-0.14805610171719766
9.73,0.7966678568809035,191.95001785321355,0.026154614105135643
9.74,0.928495979316046,193.92743968974068,0.02366892685001242
9.75,0.01909800130149982,180.28647001952248,0.019098001301467493
9.76,-0.9735352830216832,165.39697075467475,-0.06870823055567718
9.77,-0.537180575163945,171.94229137254084,0.233332667611864
9.78,0.2521827309071528,183.78274096360727,0.0034928437423274433
9.790000000000001,0.9252380131747396,193.87857019762112,-0.05704923755394353
9.8,0.6545492364738617,189.81823854710794,0.06676398418136507
9.81,-0.6442487775843964,170.33626833623407,-0.16249510348270593
9.82,-0.9931274489380583,165.10308826592913,0.004899279490215062
9.83,-0.34849492781816843,174.77257608272745,0.01962962486653462
9.84,0.7486224579617322,191.229336869426,0.06407535203306274
9.85,0.8949122387301696,193.42368358095254,-0.05614427756499192
9.86,0.15356954540573695,182.30354318108607,0.0282363118414079
9.870000000000001,-1.004431351087126,164.93352973369312,-0.1601034255851238
9.88,-0.7799872299658541,168.30019155051218,0.0643406955361736
9.89,-0.012442082176115449,179.81336876735827,-0.1377753157403969
9.9,0.9709182141274816,194.5637732119122,0.01986169783233495
9.91,0.7632355273135268,191.4485329097029,0.07868842138482238
9.92,-0.45307098467783014,173.20393522983255,-0.0849464319931717
9.93,-1.0825604516786778,163.76159322481985,-0.08453372325040746
9.94,-0.49778430187158756,172.5332354719262,-0.016030627769855043
9.950000000000001,0.7923776283982256,191.88566442597337,0.20459237610576786
9.96,0.827312809599652,192.4096921439948,-0.15497444112904013
9.97,0.16315403550262778,182.44731053253943,-0.08553585166224412
9.98,-0.7195444141690289,169.20683378746455,0.05096882860674948
9.99,-1.1345628220269972,162.98155766959502,-0.22973576956097067
